{"cameraMode":{"drawMode":0,"name":"Shaded","section":"Shading Mode"},"sceneLighting":false,"audioPlay":false,"sceneViewState":{"showFog":true,"showMaterialUpdate":true,"showSkybox":true,"showFlares":true,"showImageEffects":true,"showParticleSystems":true},"in2DMode":false,"pivot":{"x":-0.10780537128448487,"y":0.7706913948059082,"z":-0.23008251190185548},"rotation":{"x":-0.0030600950121879579,"y":0.9967379570007324,"z":-0.06619022786617279,"w":-0.0460810624063015},"size":0.9999968409538269,"orthographic":false}